question_id,model,predicted_answer,correct_answer,is_correct,agent_1_ans,agent_2_ans,agent_3_ans,question
2012_q1,gemma3:4b,D,A,0,D,D,D,A bus company provides an online service for passengers to find bus routes. What information should passengers input? (1) Starting point (2) Destination (3) Number of bus stops (4) Bus fare
2012_q3,gemma3:4b,C,C,1,C,C,C,Which of the following actions involve converting data between digital and analog forms? (1) Playing mp3 music (2) Recording videos using a webcam (3) Copying a text file
2012_q5,gemma3:4b,D,D,1,D,D,D,"Peter and Mary share a database file X and execute database queries, T1 and T2, respectively. Which of the following activities should the database management system not do? (1) When T1 is reading X, T2 is reading X. (2) When T1 is writing records in X, T2 is writing records in X. (3) When T1 is deleting records in X, T2 is reading X."
2012_q6,gemma3:4b,C,C,1,C,C,C,Which of the following statements about clicking a hyperlink in a presentation file is correct?
2012_q2,gemma3:4b,A,C,0,A,D,B,What are the 8-bit one's complement and 8-bit two's complement of the binary number 10110 ?
2012_q4,gemma3:4b,C,B,0,C,C,B,Peter configures the colour quality of a display unit. Which of the following pixels are involved? (1) Black (2) White (3) Green (4) Red (5) Blue
2012_q11,gemma3:4b,A,A,1,A,A,A,Which of the following statements about a check digit for a data item is correct?
2012_q10,gemma3:4b,D,D,1,D,C,D,Why should a software suite be used in an IT project? (1) Data used in the project can be shared within the software suite effectively. (2) Data files generated by the software suite are smaller. (3) The project will be in a web-based format.
2012_q14,gemma3:4b,D,D,1,D,D,D,Which of the following is the main development trend for display units in desktop computers?
2012_q9,gemma3:4b,C,A,0,D,D,C,Assume that every household has a residential telephone number. In which of the following database applications could the residential telephone number be used as a key field?
2012_q15,gemma3:4b,D,D,1,D,D,D,Tom currently uses a software package on a desktop computer. He tries to install this software on his tablet computer but fails. Why? (1) The tablet computer uses a different operating system. (2) The tablet computer uses a virtual keyboard. (3) The tablet computer uses a solid-state drive.
2012_q16,gemma3:4b,D,C,0,D,D,D,Why do many readers like using mobile devices to read books? (1) The ergonomic design of mobile devices helps relieve eye strain. (2) Mobile devices provide various functions which make reading convenient. (3) It is convenient for carrying a lot of books.
2012_q17,gemma3:4b,D,D,1,D,D,D,Carey wants to upgrade the DDR II 2G 667 MHz RAM of her computer to DDR III 2G 1333MHz RAM with a higher data transfer rate. Which of the following features should be considered?
2012_q12,gemma3:4b,D,D,1,D,B,D,"When editing a document, which of the following word processing features can enhance its readability? (1) Tables (2) Find and replace (3) Footnotes"
2012_q18,gemma3:4b,D,B,0,D,D,D,What is the main purpose of having a memory cache in a CPU?
2012_q21,gemma3:4b,B,B,1,B,B,B,"Carol uses a digital camera to take photos of her school hall. The photos will be uploaded and shown on the school's web pages. Before uploading a photo, what should Carol do?"
2012_q19,gemma3:4b,C,C,1,C,D,C,"When buying a wireless broadband router for a network at home, which of the following considerations is not necessary?"
2012_q20,gemma3:4b,A,A,1,A,A,D,Carol uses a digital camera to take photos of her school hall. The photos will be uploaded and shown on the school's web pages. Which of the following image file types are suitable for her to use? (1) PNG (2) GIF (3) JPG (4) TIFF
2012_q23,gemma3:4b,B,B,1,B,B,B,Henry lives in Hong Kong. He likes bags made in Europe so he buys a bag through the online shopping web site of a shop in France. There are different kinds of online shopping web sites. What features do they usually have? (1) Electronic Fund Transfer (2) A peer-to-peer (p2p) network (3) Mainframe computers (4) A Database Management System (DBMS)
2012_q26,gemma3:4b,C,C,1,C,C,C,"When using Internet search engines, it is better to include operators like '-' in search strings because"
2012_q22,gemma3:4b,C,C,1,C,D,B,Henry lives in Hong Kong. He likes bags made in Europe so he buys a bag through the online shopping web site of a shop in France. What are the possible reasons for Henry's choice to buy the bag online? (1) He can select and buy the bag during office hours in France. (2) There are many different kinds of bags for Henry to choose from. (3) The bag is not for sale in Hong Kong. (4) He has a credit card to pay for it.
2012_q28,gemma3:4b,D,B,0,D,D,D,John can view an online video on the computer at home but not on the computer in his school. Why?
2012_q24,gemma3:4b,D,B,0,B,B,D,Which of the following can enhance the security of online banking? (1) Remote logon (2) Tokens (3) Peer-to-peer network
2012_q25,gemma3:4b,D,B,0,D,B,D,Why should network interface cards (NICs) be used in a computer network? (1) The network needs to support data transfer at 10GB per second. (2) NICs convert analog signals into digital signals and vice versa.
2012_q29,gemma3:4b,D,D,1,D,D,D,"In an IT project, Tom has written the source code. He tests it with valid input data items. What should he do next?"
2012_q33,gemma3:4b,C,C,1,C,C,C,Which of the following statements about open source software is correct?
2012_q27,gemma3:4b,B,A,0,B,A,B,"At home, Mary can access the HKEEA's web site by entering http://www.hkeaa.edu.hk, but she can do it by entering http://210.0.205.228. Why?"
2012_q37,gemma3:4b,D,D,1,D,D,D,Some teenagers in Hong Kong are addicted to playing online games. Which of the following behaviours are common in this group of teenagers? (1) They prefer playing online games to joining face-to-face social activities. (2) They play online games as a way of escaping from daily life problems. (3) They feel irritable when being stopped from using computers.
2012_q39,gemma3:4b,B,B,1,B,B,B,The Hong Kong Government launched the Internet Support Learning Programme in 2011. The Programme helps needy students to acquire computer equipment and Internet access services. What issue is the Government addressing?
2012_q36,gemma3:4b,A,A,1,D,A,D,"At home, John unintentionally detects his neighbour's WiFi network without any security measures. He can fully control the wireless router. What should he do?"
2013_q1,gemma3:4b,B,B,1,B,B,B,"In a DBMS, a database designer designs a form for a clerk to use to enter data. Why does he choose to design a form?"
2012_q40,gemma3:4b,D,A,0,A,D,D,"In a museum, visitors can stand in front of a kiosk with a monitor and a keyboard to access visitor information. Which of the following relate to ergonomic matters? (1) The viewing angle of the monitor is adjustable. (2) The height of the keyboard tray is adjustable. (3) Provide a mouse."
2012_q38,gemma3:4b,A,A,1,A,A,C,"When a virus is spread through a Bluetooth connection, which of the following applications installed on a notebook computer can prevent the infection? (1) Firewall (2) Email client program (3) Browser"
2013_q2,gemma3:4b,B,B,1,B,B,B,A public library is going to digitise a collection of valuable antique books. What is the major benefit of digitisation?
2013_q3,gemma3:4b,D,D,1,D,D,D,"In data processing, a clerk in a school types in the examination marks of students from a mark sheet into a computer system. Then he prints out the marks. What should he do next?"
2013_q5,gemma3:4b,C,C,1,C,C,C,"Arthur inserts a video clip in a presentation file and sends an email with the file to Betty. When Betty opens the file, there is only text and the video is missing. Why?"
2013_q6,gemma3:4b,D,D,1,D,D,D,A combination lock consists of 5 separate switches. Each switch can be set to either the 'ON' or 'OFF' state. The lock can only be unlocked when all 5 switches are set to the correct switch states. How many different combinations of switch states does this lock have?
2013_q8,gemma3:4b,A,A,1,A,A,A,Which operations are performed by the following SQL command? SELECT * FROM EXAM WHERE CLASS='1A' ORDER BY SCORE DESC. (1) Sorting (2) Counting (3) Filtering (4) Updating
2013_q11,gemma3:4b,D,A,0,D,D,D,"With 8-bit two's complement representation, which of the following operations can produce an overflow error? (1) Addition of two positive integers and Addition of two negative integers (2) Addition of two negative integers (3) Addition of a positive integer and negative integer"
2013_q4,gemma3:4b,D,A,0,D,A,D,"Mary uses a utility program to group the following 100 document files and combine them into a file named ALL.ZIP, and sends an email with this file. Why does she do this?"
2013_q13,gemma3:4b,A,A,1,A,A,A,Which of the following features in presentation software can control the transition of slides? (1) Action button (2) Hyperlink (3) Slide layout
2013_q12,gemma3:4b,C,C,1,C,C,D,"When editing page numbers and hyperlinks in a document, which of the following statements is correct?"
2013_q9,gemma3:4b,C,C,1,C,B,D,"In a data transmission system, a parity check is applied. One of the following received codes is invalid. Which one is it?"
2013_q18,gemma3:4b,D,D,1,D,D,D,Peter upgrades his desktop computer with a touch screen. Why?
2013_q16,gemma3:4b,B,A,0,A,B,B,Cathy uses 'what-if' analysis in a spreadsheet to solve a problem. Which of the following statements about the analysis is correct?
2013_q17,gemma3:4b,D,C,0,D,B,D,Which of the following operations will enlarge the icons and text displayed on a visual display unit?
2013_q15,gemma3:4b,B,B,1,D,D,B,Ms Wong works in a publishing company and has to create the following three documents. (1) payment receipt (2) electronic book (3) template of a sales report. For which document(s) should she adopt the PDF format instead of the DOC format?
2013_q19,gemma3:4b,D,A,0,D,D,D,A supermarket uses thermal printers instead of dot-matrix printers to print receipts. What are the major reasons for using thermal printers? (1) Less printing noise (2) Shorter printing time (3) More durable receipts
2013_q21,gemma3:4b,B,B,1,B,B,B,The 64-bit version of an operating system is better than the 32-bit version because
2013_q23,gemma3:4b,A,A,1,A,A,A,"A charity organisation wants to donate laptop computers to the children in developing countries for elearning. With a limited budget, only one item in the original specifications can be upgraded. Which of these is the most appropriate?"
2013_q26,gemma3:4b,C,C,1,C,C,C,A company develops an internal email system. It adopts HTML format instead of plain text for the email because
2013_q24,gemma3:4b,A,D,0,C,C,A,A search engine can automatically return the search results related to the country in which the computer is located. Which of the following discloses this location information?
2013_q22,gemma3:4b,D,C,0,D,D,C,"In an instruction fetch cycle, which of the following registers are involved? (1) Accumulator (2) Memory Data Register (MDR) (3) Memory Address Register (MAR)"
2013_q34,gemma3:4b,C,C,1,C,C,C,Which of the following statements about open source software is correct?
2013_q27,gemma3:4b,D,D,1,A,D,D,"In an email system, what is the use of IMAP and SMTP?"
2013_q33,gemma3:4b,D,B,0,C,D,D,What is the major advantage of using an array in algorithm design?
2013_q29,gemma3:4b,C,A,0,C,D,C,Which of the following is a function of a switch? (1) Connects computers to form a LAN. (2) Controls the network traffic in a network. (3) Joins two networks. (4) Connects a LAN to the Internet
2013_q37,gemma3:4b,D,A,0,D,D,D,Which of the following can reduce the threats from using social networking web sites? (1) Block or ignore people that you do not know or trust. (2) Use default privacy settings to restrict access. (3) Only disclose the name and address in the account.
2013_q38,gemma3:4b,B,B,1,B,B,B,"In a company, all URLs browsed through the office computers are recorded by a proxy server. Which of the following statements is correct?"
2013_q39,gemma3:4b,D,A,0,D,D,D,"For the sake of their health, users should take a rest after every hour of computer use. A software company wants to improve its word processing software to include this ergonomic feature. When a user uses the software for an hour, the software should (1) display an alert message on the screen. (2) send an alert email to the user. (3) shut down the computer automatically."
2013_q40,gemma3:4b,D,D,1,D,D,D,Peter uses peer-to-peer file sharing software to download a commercial application program. His friends advise him not to install it. Why? (1) His action will create a digital divide. (2) The application program may be spyware. (3) He may infringe copyright law.
2014_q1,gemma3:4b,C,C,1,C,C,D,Which of the following activities involve(s) the conversion of analog to digital data or vice versa? (1) Talking to a friend on a mobile phone (2) Listening to a radio programme over the Internet (3) Copying a file from a DVD-R to a hard disk
2014_q4,gemma3:4b,D,B,0,D,A,D,"In a computer system, 10 bits are reserved for user identity codes and 54 bits are reserved for alias names. What is the maximum number of user accounts in the system?"
2014_q2,gemma3:4b,C,C,1,D,D,C,A computer system uses the Hong Kong identity card (HKID) number as a key field for managing accounts. Its check digit is used to detect input errors made by users. Which of the following input errors can usually be found by the check digit? (1) Use another person's HKID number. (2) Swap two digits in the HKID number. (3) Input a wrong digit in the HKID number.
2014_q3,gemma3:4b,D,A,0,A,D,D,Increment the following numbers using 8-bit two's complement representation by 1. Which one will create an overflow error?
2014_q8,gemma3:4b,B,A,0,B,B,B,"Only one record is retrieved after executing the following SQL command. Why? SELECT NAME, PHONE FROM EMPLOYEE (1) There is only one record in EMPLOYEE. (2) The content of NAME or PHONE in the remaining records is empty. (3) There may be some other fields in EMPLOYEE."
2014_q10,gemma3:4b,D,B,0,D,D,D,John uses his notebook computer to create a web-based presentation through a web site. He does not use the pre-installed presentation software to do so. Why? (1) He can add more slides in the presentation. (2) He can edit the presentation in other computers without presentation software. (3) He can add video clips in the presentation.
2014_q11,gemma3:4b,D,A,0,D,D,D,"When creating a database table, what should be defined? (1) Data type (2) Field name (3) Number of records"
2014_q5,gemma3:4b,D,D,1,D,B,D,Mr Lee wants to set up a cleaning service company to serve thousands of clients. He needs to process data about the service and create a monthly report for each client. Which software should he buy?
2014_q14,gemma3:4b,A,A,1,A,A,A,The following QR code is printed on an advertisement so that readers can scan the code and browse product information online through smart phones. What information is encoded in the QR code?
2014_q15,gemma3:4b,C,C,1,C,C,C,"A WAV file, which is a common audio file, consists of a header. Which of the following items is stored in the header?"
2014_q13,gemma3:4b,D,A,0,A,D,D,"In 2012, the US Government launched a project to explore how 'big data' could be used. 'Big data' refers to the huge amount of data collected which is difficult to process using database management systems. Which of the following are examples of 'big data'? (1) Human DNA (2) User behaviour in a social networking web site (3) The total number of government officials in the US"
2014_q12,gemma3:4b,D,B,0,C,D,D,Which of the following is/are the best practice when using online banking systems? (1) Create an uncommon login name. (2) Use a combination of letters and numbers for the passwords and change them regularly. (3) Avoid using wired network when wireless network is available.
2014_q17,gemma3:4b,C,C,1,C,C,C,A quad-core processor is generally better than a dual-core processor because
2014_q18,gemma3:4b,D,D,1,D,D,D,Mary connects a new USB flash drive to a computer. She does not need to install a driver program for the flash drive. Why not?
2014_q20,gemma3:4b,B,B,1,B,B,B,A car is equipped with a global positioning system (GPS) such that the driver can get the location and time information when driving. Which of the following best describes the mode of operation of the system?
2014_q22,gemma3:4b,D,D,1,D,D,D,"Joseph installs network-attached storage (NAS) in the office network that operates as a file server. If he installs more cache memory in the NAS, which of the following can be greatly improved?"
2014_q16,gemma3:4b,D,A,0,A,D,D,Mary converts the file animal.bmp to animal.jpg. Why? (1) She wants to create a web page with this image. (2) She wants to store the image in DVD-R. (3) She wants to increase the resolution of the image.
2014_q23,gemma3:4b,B,B,1,B,B,B,"When browsing a web page, which of the following will be involved? (1) IP (2) URL (3) FTP"
2014_q21,gemma3:4b,B,D,0,B,B,D,Which of the following classifications is correct? (Computer hardware; System software)
2014_q24,gemma3:4b,B,B,1,B,B,B,"In an email application, the settings of X and Y are used for receiving email and sending email respectively."
2014_q25,gemma3:4b,D,D,1,D,D,D,Mary has a wireless network with Internet access at home. She finds that the file transfer rate between a notebook computer and a desktop computer through the network is very low. What is the possible reason for this?
2014_q26,gemma3:4b,D,D,1,D,D,D,A proxy server in a school network can ______. (1) increase the bandwidth of the Internet connection (2) filter web sites (3) store web pages for caching
2014_q27,gemma3:4b,D,A,0,D,D,D,What is/are the advantage(s) of using tablet computers in e-learning? (1) Students can easily carry tablet computers and access a Wi-Fi network. (2) Tablet computers can store a large amount of learning materials so that online resources will not be necessary. (3) Tablet computers have a high processing power.
2014_q29,gemma3:4b,C,C,1,C,C,C,"When constructing tables in a web page, which of the following attributes of the tables can be set? (1) Page margin (2) Border (3) Text alignment"
2014_q30,gemma3:4b,A,A,1,A,A,A,The sales department of an insurance company wants to improve service to its clients. It asks the IT project manager to establish some web pages for the clients. What should the IT project manager do first?
2014_q34,gemma3:4b,D,D,1,D,D,D,Which of the following public policies can improve the digital divide in Hong Kong? (1) Subsidise low-income families so that they can get Internet access at home. (2) Provide computer equipment to students in need. (3) Give free training courses to citizens who lack basic IT skills.
2014_q35,gemma3:4b,C,C,1,C,C,C,"Mary is a teenager and makes a new friend, Ada, through a random search function in a social networking web site. Ada wants to meet Mary the following Monday night at 10 p.m. in a restaurant. Mary's eldest brother advises her not to meet Ada. What is the major reason?"
2014_q36,gemma3:4b,B,B,1,B,B,B,John does not download patches to upgrade the operating system of his computer. Which of the following statements best describes the possible consequences?
2014_q28,gemma3:4b,B,B,1,B,A,A,Peter can use the following two methods to download files. He chooses Method 1. Why? Method 1: Direct download through HTTP Method 2: Download using Peer-to-Peer (P2P) file sharing technology
2014_q39,gemma3:4b,D,C,0,D,D,D,Which of the following actions for desktop computers is/are environmentally-friendly? (1) Enable the power management function. (2) Lower the screen resolution. (3) Use LED monitors instead of CRT monitors.
2014_q37,gemma3:4b,C,C,1,A,C,C,Which of the following can help visually impaired persons to browse the web? (1) Braille display device (2) Web filtering software (3) Screen magnification software
2014_q40,gemma3:4b,B,B,1,B,B,B,"In an office network, a technician installs a firewall instead of antivirus software. What is the major reason for this?"
2015_q3,gemma3:4b,C,C,1,C,C,C,"When using a database management systems tool, what is the major purpose of a query?"
2014_q38,gemma3:4b,B,A,0,B,A,A,Which of the following statements about copyright protection in Hong Kong is correct?
2015_q2,gemma3:4b,A,B,0,A,D,C,Arrange the following 4-bit numbers using two's complement representation in ascending order. (1) 1000 (2) 0100 (3) 0111 (4) 1111
2015_q4,gemma3:4b,B,B,1,B,B,B,"A company uses a smart card system to record the attendance records of its employees. When an employee enters the company's office, he puts his smart card on a card reader and a new record is generated and stored in a database table. Which of the following fields are essential in the new record? (1) Smart card number (2) Employee's name (3) Employee's department (4) Time of entering the office"
2015_q5,gemma3:4b,B,B,1,B,B,B,"10,000 runners participate in a marathon competition. Each runner has a unique identity code stored in a RFID (radio-frequency identification) tag on one of his or her shoes. What is the minimum storage size required in each tag?"
2015_q1,gemma3:4b,B,C,0,C,B,B,"An 8-bit code 10010011 is received without an error. The last bit is a parity bit. Using the same parity check, which of the following received codes has an error?"
2015_q6,gemma3:4b,D,D,1,D,D,D,"In a law firm, the lawyers need to read many archive documents every day. The firm plans to scan and store its archive documents as digital images so that the lawyers can use computers to search and view the documents. What is the major benefit of such digitisation?"
2015_q7,gemma3:4b,A,A,1,A,A,A,"In a law firm, the lawyers need to read many archive documents every day. The firm plans to scan and store its archive documents as digital images so that the lawyers can use computers to search and view the documents. The law firm uses optical character recognition (OCR) technology to convert digital images into document files. Which of the following attributes can highly affect the accuracy of the conversion during the scanning process?"
2015_q9,gemma3:4b,D,B,0,D,D,D,"What is the order of sizes of the three character sets, ASCII, Big-5 code and Unicode?"
2015_q11,gemma3:4b,D,D,1,D,D,D,"When inserting a hyperlink in a slide in a presentation file, which of the following can be linked? (1) A video file (2) A web site (3) A spreadsheet file"
2015_q12,gemma3:4b,D,D,1,D,D,D,"During data input, which of the following can minimise input errors? (1) Two's complement (2) Double entry (3) Type check"
2015_q13,gemma3:4b,C,D,0,C,C,C,Which of the following components in a Central Processing Unit (CPU) fetches an instruction from the main memory?
2015_q15,gemma3:4b,C,C,1,C,C,C,"A university assigns a student number, YYYYNNNG, to every new student where YYYY is the year of enrollment (e.g. 2015), NNN is a 3-digit number ranging from 000 to 999, and G is the area of study (1 stands for science and 2 stands for non-science). According to this scheme, how many student numbers the university can assign in the year of 2015?"
2015_q16,gemma3:4b,A,A,1,A,A,A,"Which of the following functions does an operating system usually have? (1) Provision of a user interface (2) Analysis of ""What-if"" scenarios (3) Allocation of memory (4) Construction of web pages"
2015_q17,gemma3:4b,A,A,1,A,A,A,Which of the following statements about cache memory in CPU are correct? (1) It is better than main memory in terms of access speed. (2) It stores frequently-used data and recently-used data. (3) It is non-volatile.
2015_q19,gemma3:4b,D,C,0,D,D,D,Mary creates a file in HTML format instead of text format. Why? (1) Text format is not cross-platform. (2) The file can store hyperlinks. (3) Videos can be displayed when opening the file.
2015_q21,gemma3:4b,A,A,1,A,A,A,A company invents a smart thermostat to control the temperature of a house through the Internet. Customers can install the smart thermostat in their house and adjust the heating/cooling functions of the air conditioner from a smart phone. The smart thermostat connects to the Internet through a wireless connection. What is the advantage of this?
2015_q24,gemma3:4b,D,D,1,D,D,D,A cloud computing company not only provides cloud storage but also allows customers to make their files available offline. What is the major benefit of this arrangement?
2015_q20,gemma3:4b,B,B,1,A,B,B,A company invents a smart thermostat to control the temperature of a house through the Internet. Customers can install the smart thermostat in their house and adjust the heating/cooling functions of the air conditioner from a smart phone. Which of the following best describe the application of the smart thermostat? (1) multi-user system (2) batch processing system (3) distributed processing system (4) real-time system
2015_q23,gemma3:4b,B,B,1,D,D,B,"Mary receives an anonymous email, saying that the attached file photos.exe includes some photos of Mary. She tries to execute the file but no photos are displayed. What is/are the possible reason(s)? (1) Photo editing software has not been installed in Mary's computer. (2) The file contains malicious code that harms Mary's computer. (3) The email server cannot execute the file."
2015_q27,gemma3:4b,A,A,1,A,A,A,John edits the font colour of a web page. How many different colours can he choose?
2015_q29,gemma3:4b,D,A,0,D,D,D,The following pseudocode represents part of an algorithm. IF (AGE > 6) AND (AGE < 12) THEN OUTPUT AGE Which of the following sets of test data is the most approriate?
2015_q32,gemma3:4b,C,C,1,C,C,C,Peter changes the format of his audio files from wav to mp3. What is his main reason for doing this?
2015_q33,gemma3:4b,C,A,0,C,C,C,"When solving a problem in a project, Mary needs to define the scope of the problem precisely. What is/are the major reason(s) for doing this? (1) She can break down the problem into sub-problems effectively. (2) She can use a truth table to illustrate the solution. (3) She can ignore the boundary cases when testing the algorithm."
2015_q26,gemma3:4b,B,B,1,D,D,B,David answers the following question in his school assignment: 'What is the history of the HKEAA?' He uses a search engine and finds the following paragraph: The HKEAA was established in 2077... Which of the following actions is/are appropriate? (1) Put the entire paragraph in a search engine and search for similar results. (2) Browse other web sites to validate the information. (3) Copy the paragraph to the assignment.
2015_q36,gemma3:4b,D,C,0,D,D,D,"Mr Chan wants to buy a tablet computer for his 8-year-old daughter, Susan. Which of the following actions is/are appropriate? (1) Mr Chan should buy a tablet computer with a longer battery life. (2) Susan should use the tablet computer with a mouse. (3) Susan should take a 5-minute break after using the tablet computer for 30 minutes."
2015_q38,gemma3:4b,D,B,0,D,D,D,Which of the following statements about phishing email is/are correct? (1) Phishing email is a type of advertisement that a company sends out to target recipients. (2) Phishing email is typically carried out by sending target recipients an email with a fake web site to acquire their personal information. (3) Target recipients will not be able to use their computers for a few days after a phishing attack.
2015_q39,gemma3:4b,D,D,1,D,D,D,Recently some countries have attracted more females to study ICT courses and to work in the ICT industry. What is the benefit of this policy?
2015_q37,gemma3:4b,D,B,0,D,B,D,Which of the following is/are ergonomic design(s)? (1) A password can be set on a wireless router to prevent access by unauthorised users. (2) The angle of the elevation/depression of a monitor display is adjustable. (3) The text shown in word processing software can be enlarged.
2015_q34,gemma3:4b,B,B,1,D,B,B,Cindy meets her friends and shares her photos. She does not upload the photos to her social networking account. Why not? (1) Cindy wants to own the copyright of the photos. (2) Cindy wants to protect her personal privacy. (3) Cindy wants to prevent her account from being hacked.
2015_q40,gemma3:4b,D,D,1,D,D,D,Which of the following functions is provided by a typical Internet browser?
2016_q1,gemma3:4b,B,C,0,B,B,B,"In a spreadsheet, 5-digit membership numbers for a sports club, 00001, 00002, …, 99999, are entered in some cells. Which of the following cell formats should be used?"
2016_q3,gemma3:4b,D,C,0,D,D,D,Study the following three SQL commands. SELECT * FROM MEMBER; SELECT * FROM MEMBER WHERE age <= 40; SELECT * FROM MEMBER WHERE age >= 20; The results of the three SQL commands are the same. Which of the following is/are the possible cause(s)? (1) MEMBER is empty. (2) The values of the field age in MEMBER range from 20 to 40 inclusive. (3) age is the only field in MEMBER.
2016_q4,gemma3:4b,C,C,1,C,C,C,"Mary produces daily sales reports for a supermarket on a word processor, using the data and charts stored in several spreadsheet files. The data and charts are updated frequently. Which of the following is most helpful to her?"
2016_q5,gemma3:4b,D,D,1,D,D,D,A code consists of 6 digits where the digit on the far right is a check digit. The check digit method used for the code is that the sum of all 6 digits is divisible by 10. Which of the following codes is valid?
2016_q2,gemma3:4b,A,A,1,B,A,A,"In a device, 8 bits and 16 bits are used to store a character and an integer respectively. How many bytes are required to store the string 'HKDSE5'?"
2016_q7,gemma3:4b,C,D,0,C,C,C,"Consider the following values, P, Q and R. P = 10001000 (base 2)� Q = 10001000 (base 10)� R = 10001000 (base 16)� Which of the following is correct?"
2016_q6,gemma3:4b,B,B,1,B,D,D,Mary creates a compressed file containing image files stored in several folders. She uploads the compressed file to the Internet for sharing with her friends. What are the benefits of using a compressed file? (1) The folder structure can be maintained. (2) Mary's friends can preview the images before downloading the compressed file. (3) The compressed file can be protected by password.
2016_q10,gemma3:4b,A,D,0,A,A,D,"When editing numerical data in a spreadsheet, which of the following statements is correct?"
2016_q8,gemma3:4b,A,A,1,D,A,D,1111 1111 is an 8-bit number using two's complement representation. What is its decimal value?
2016_q9,gemma3:4b,A,A,1,A,D,A,Which of the following are characteristics of the Information Age? (1) Information is widely distributed via the Internet. (2) Information can be quickly accessed by the public. (3) All company information on the Internet is correct.
2016_q11,gemma3:4b,D,D,1,D,D,D,Which of the following items can be included in a portable document format (PDF) file? (1) Hyperlinks (2) Photos (3) Formatted text
2016_q14,gemma3:4b,A,A,1,A,A,A,Mary uses presentation software to create a self-running slide show with verbal commentary. She uploads the slide show to her web site so that the public can view it. Which of the following must Mary do when creating the slide show?
2016_q15,gemma3:4b,B,B,1,B,B,B,"Mary uses presentation software to create a self-running slide show with verbal commentary. She uploads the slide show to her web site so that the public can view it. When Mary chooses the file format for the slide show, which of the following is important?"
2016_q18,gemma3:4b,A,C,0,A,A,A,"Peter finds that when editing video files, the performance of his home computer is better than that of his office computer. Which of the following is/are the possible cause(s) for this? (1) The read/write access speed of a hard disk (2) The storage size of ROM (3) CPU's clock rate"
2016_q19,gemma3:4b,D,D,1,D,D,D,Which of the following functions will an operating system usually provide? (1) Control of processes (2) Allocation of memory (3) Record of network traffic
2016_q20,gemma3:4b,B,B,1,B,B,B,The clock rate of a CPU is 2 GHz. Which of the following statements is correct?
2016_q21,gemma3:4b,C,C,1,C,C,C,Peter upgrades a server by replacing the hard disk with a solid-state disk (SSD). Which of the following properties of SSD benefit(s) the upgrade? (1) Higher data transfer rate (2) Lower power consumption (3) Smaller storage capacity
2016_q16,gemma3:4b,D,B,0,D,C,D,Which of the following is/are the advantage(s) of using Unicode over Big-5 code? (1) Unicode is cross-platform. (2) Unicode has a bigger character set. (3) New characters can be defined in Unicode.
2016_q17,gemma3:4b,A,A,1,C,A,C,A booking system consists of several booking counters in different locations in a city. Customers can buy tickets for theatres through one of the booking counters. Which of the following best describes the booking system?
2016_q23,gemma3:4b,A,A,1,A,A,A,The Internet of Things (IoT) refers to the networks formed by devices which can collect and exchange data. The networks are usually connected to the Internet. Which of the following items should the devices usually have?
2016_q24,gemma3:4b,D,C,0,D,D,D,Peter watches a webcasting video at home using streaming technology and finds that the video does not play smoothly. Which of the following are the possible causes? (1) Duration of the video (2) Method of Internet access (3) Bandwidth of the Internet connection
2016_q25,gemma3:4b,B,A,0,B,B,B,The Hong Kong Special Administrative Region Government has set up GovWiFi to provide free wireless Internet access and citizens can opt to use the unencrypted connection or the encrypted connection. Which of the following statements is correct?
2016_q22,gemma3:4b,B,B,1,B,D,B,"When a personal computer is turned on, it loads data from the ROM and checks that all major components are functioning properly. ROM cannot be replaced by RAM in this process because"
2016_q26,gemma3:4b,B,B,1,B,B,B,Mr Li considers some communication links for building a network in a company and compares their effective data transfer rates. Which of the following comparisons is correct?
2016_q27,gemma3:4b,D,D,1,D,D,D,Peter plans to upload the background music of his school web site but the web site has limited storage space. Which of the following file formats is appropriate?
2016_q34,gemma3:4b,B,C,0,B,B,B,A bank has a secure room which only a few staff members can enter. Which of the following security measures is the most secure one for controlling access?
2016_q36,gemma3:4b,B,B,1,B,B,B,Cathy receives an anonymous email about changing the password of her online banking account. She clicks the hyperlink in the email and a malicious web site is displayed. Which of the following actions can help Cathy ensure that she is browsing a trusted web site?
2016_q37,gemma3:4b,D,D,1,D,D,D,"What is the aim of the following policy? ""The Government helps families in need acquire computers and Internet access, and delivers personal support and training to them so children and parents can tap the online world's potential."""
2016_q28,gemma3:4b,C,B,0,C,D,D,"When placing a table in a web page, which of the following is not a table setting?"
2017_q4,gemma3:4b,B,B,1,B,B,B,Amy plans to upload her photos to cloud storage. What is the benefit of using JPG format instead of BMP format in this case?
2016_q38,gemma3:4b,D,C,0,D,B,D,Peter is a student and does the following actions. Which of them are illegal? (1) Uses a BT program to share his homework. (2) Uses a BT program to download copyrighted songs for his own use. (3) Buys copyrighted software and makes copies for his best friends only.
2017_q3,gemma3:4b,A,A,1,B,D,D,Which of the following are the major benefits of using Object Linking and Embedding (OLE) in office automation software? (1) Data from different applications can be included in a single file. (2) Data from different applications can remain synchronised. (3) Data from different applications can be stored in the same folder.
2016_q39,gemma3:4b,A,C,0,C,C,A,"Mary downloads three types of programs, P, Q and R from the Internet. She can use P for a trial period, changes the source code of Q and only uses some functions in R. Which type(s) of program is/are shareware?"
2017_q7,gemma3:4b,B,B,1,B,B,D,"When creating an online email account, the following step needs to be completed. Enter password: ********* Re-enter password: ********* What is the purpose of re-entering the password?"
2017_q10,gemma3:4b,A,A,1,A,A,A,What is the major benefit of using a form in a database management system?
2017_q8,gemma3:4b,D,C,0,D,C,D,Which of the following actions involve the conversion of analog to digital data? (1) Using software to convert a spreadsheet file into a PDF file (2) Using software to convert speech to text (3) Using a digital camera to take photos
2017_q5,gemma3:4b,A,A,1,A,A,C,"When a digital photo is printed on photo paper, the top and bottom parts of the photo paper are unused. What is/are the possible reason(s) for this? (1) The aspect ratios of the digital photo and the photo paper are not the same. (2) The file size of the digital photo is too large. (3) The colour depth of the digital photo is too low."
2017_q14,gemma3:4b,B,B,1,B,B,B,Colour codes are used when defining the background colour on a web page. What is the range of hexadecimal values for the colour codes?
2017_q15,gemma3:4b,D,D,1,D,D,D,Which of the following items is/are system software? (1) Spreadsheet software (2) Operating system (3) Driver program
2017_q16,gemma3:4b,D,D,1,D,D,D,Consider the following steps in a machine cycle for a particular instruction: (1) Executes the instruction. (2) Writes data in memory. (3) Translates the instruction into the operation code and operands. (4) Retrieves the instruction from memory. What is the correct order of the steps?
2017_q11,gemma3:4b,A,A,1,C,C,A,"For a chain convenience store, in which of the following examples should 'what-if' scenarios in spreadsheets be used? (1) Estimates monthly expenses by changing different parameters. (2) Produces monthly sales analysis. (3) Compares sales data from different branches."
2017_q12,gemma3:4b,C,C,1,C,C,B,The following calculations involve 8-bit numbers using two's complement representation. Which one will generate an overflow error?
2017_q18,gemma3:4b,A,A,1,A,A,A,Which of the following statements about the registers in CPU is correct?
2017_q19,gemma3:4b,D,D,1,D,D,D,What information is usually provided by the system monitoring software in an operating system? (1) Current processes (2) Memory usage (3) Network traffic
2017_q20,gemma3:4b,D,C,0,D,D,D,Which of the following is/are the government e-services provided by GovHK? (1) Enrolling for community recreation and sports programmes (2) Applying for admission to universities in Hong Kong (3) Renewing borrowed public library books
2017_q21,gemma3:4b,D,D,1,D,D,D,Mary wants to buy a keyboard for her tablet computer. Which of the following connections is/are commonly used for keyboards? (1) Fibre optics (2) USB cable (3) Bluetooth
2017_q17,gemma3:4b,D,B,0,B,D,D,A computer is used to edit videos. Which of the following specifications have a significant impact on the performance of the computer? (1) Size of RAM (2) Number of USB ports (3) CPU clock rate
2017_q22,gemma3:4b,C,C,1,C,C,C,Bank customers can withdraw cash from their accounts through Automated Teller Machines (ATMs). Which of the following systems best describe(s) this operation? (1) Interactive system (2) Real-time system (3) Batch processing system
2017_q23,gemma3:4b,A,A,1,A,A,A,Which of the following is the major function of a switch in a school computer network?
2017_q25,gemma3:4b,D,C,0,D,D,D,Amy wants to buy a colour laser printer for use at home. What specifications should she consider? (1) Brightness (lm) (2) Printing speed (ppm) (3) Resolution (dpi)
2017_q30,gemma3:4b,B,B,1,B,B,B,The problem-solving procedures for developing a computer system are listed below. What is the correct order of the procedures? (1) Tests the system. (2) Defines the problem. (3) Designs the algorithm. (4) Writes the program codes.
2017_q24,gemma3:4b,B,B,1,D,B,D,Which of the following is/are the advantage(s) of setting up a wireless network to replace a wired network? (1) Increased network speed. (2) Enhanced network security. (3) Increased mobility of computers.
2017_q26,gemma3:4b,D,C,0,D,C,D,Peter is going to set up a web site for his new company so that customers can access his web site through any one of the following links: web.goodcompany.hk www.goodcompany.hk www.goodcompany.com.hk www.goodcompany.com web.goodcompany.com How many domain names does he need to register?
2017_q28,gemma3:4b,B,A,0,D,C,D,"A web page displays some images. In addition to the names of the image files, what other information will be included in the HTML code of the web page? (1) The paths of the image files (2) The size of the image files (3) The IP address of the server that stores the HTML file"
2017_q35,gemma3:4b,D,A,0,D,D,D,Which of the following may have security risks? (1) Using a public computer in a coffee shop to log on to an online bank (2) Using the Wi-Fi network provided by a shopping centre to check email (3) Using a public computer to check the digital certificate of a web site
2017_q36,gemma3:4b,D,D,1,D,D,D,Which of the following behaviours may infringe intellectual property rights? (1) Sending an email with a virus to a friend (2) Hacking into an online bank account (3) Posting a scanned newspaper on a personal web site (4) Uploading a video of a TV programme to the Internet
2017_q37,gemma3:4b,D,C,0,D,D,D,What changes have been brought about by the emergence of the Information Age? (1) More office space is needed. (2) New ICT-related jobs appear and change the job market. (3) There are more opportunities to acquire information and to learn new things.
2017_q38,gemma3:4b,D,D,1,D,D,D,Ransomware is malware that encrypts victims' computer files and demands a ransom payment to restore them. How can we minimise the impact of ransomware? (1) Creates backups of computer files regularly. (2) Do not open anonymous or phishing email. (3) Do not download pirated copies of computer software through p2p software.
2017_q34,gemma3:4b,D,B,0,B,D,B,Which of the following is/are security measure(s) an online bank can use to authenticate customers' identities? (1) Antivirus software (2) Security token (3) Digital watermark
2017_q40,gemma3:4b,C,C,1,C,C,C,The World Health Organization (WHO) states that 15% of the world's population have disabilities. What can we do for these people to improve the access to ICT significantly?
2017_q39,gemma3:4b,D,B,0,B,D,D,"What are the major reasons for applying ergonomic design principles to computers in the work environment? (1) Prevents repetitive strain injury. (2) Saves on costs of setting up computers. (3) Provides a customised, adjustable setup for meeting different people's needs."
2018_q3,gemma3:4b,A,A,1,C,A,A,"When changing the password of a school Intranet account, which of the following is an example of data verification?"
2018_q5,gemma3:4b,B,B,1,B,D,D,Which of the following character encoding methods can be used to represent Korean text? (1) ASCII (2) Unicode (3) Big-5 code
2018_q4,gemma3:4b,B,D,0,D,D,B,"The file sizes of the following original files are all 1 MB. Under normal circumstances, after compressing them, which compressed file has the largest file size? (original file, compressed file)"
2018_q6,gemma3:4b,A,A,1,B,A,A,Which of the following are appropriate for presenting a storyboard? (1) A slide show (2) A multimedia document (3) A database file
2018_q8,gemma3:4b,C,D,0,C,C,C,"John writes a program to process student information, including student name, average mark and number of subjects taken. Which data types should John use for storing the corresponding student information? (Student name; Average mark; Number of subjects taken)"
2018_q7,gemma3:4b,C,A,0,D,C,A,"A company designs a mobile application to process staff records. In each record, 10 bits are used to store staff numbers and 12 bytes are used to store Chinese names. How many staff records can the mobile application support?"
2018_q12,gemma3:4b,D,D,1,D,D,D,Which of the following elements can be included in a PDF file? (1) Photos (2) Videos (3) Hyperlinks
2018_q9,gemma3:4b,B,B,1,B,B,A,Which of the following is the 8-bit two's complement representation of the decimal value -8?
2018_q10,gemma3:4b,D,D,1,C,D,D,Mary inserts a hyperlink in a document file. What are the possible consequences when following the hyperlink? (1) Open a video file. (2) Jump to another page of this document. (3) Jump to a page of another document.
2018_q14,gemma3:4b,C,C,1,C,C,C,Which of the following statements about mail merge is correct?
2018_q15,gemma3:4b,D,B,0,D,D,D,Free online encyclopedias such as Wikipedia contain a huge number of articles. Which of the following statements about the online encyclopedias are correct? (1) People can search the relevant articles for a topic quickly. (2) The articles have no copyright. (3) These encyclopedias are updated frequently.
2018_q16,gemma3:4b,A,A,1,A,A,A,A router should be used to connect ______.
2018_q11,gemma3:4b,C,C,1,C,C,B,"A text file contains a character string '*IT*'. Peter uses a program to view the ASCII codes of the character string in the hexadecimal number system, as shown below: 2A 49 54 2A How many bits are required to store the character string?"
2018_q17,gemma3:4b,D,C,0,D,D,D,Which of the following are the basic functions of an operating system? (1) Email management (2) Memory management (3) Input/output management
2018_q20,gemma3:4b,B,B,1,B,B,B,Read the configuration of a desktop computer below: - Intel Core i7 CPU - 16GB DDR4 RAM - 1TB SSD - 802.11ac Wi-Fi What information can be found out from the configuration? (1) The viewable size of the display unit (2) The maximum data transfer rate of a wireless network (3) The time to start up a computer
2018_q21,gemma3:4b,D,A,0,D,D,D,Which of the following are the latest trends in hard disk drive development? (1) Lower power consumption (2) Longer lifespan (3) More built-in software provided
2018_q19,gemma3:4b,A,D,0,D,A,A,Which of the following can help reduce the time needed to access files in a hard disk drive?
2018_q22,gemma3:4b,A,A,1,A,A,A,Which of the following statements about the fetch-decode-execute cycle in a CPU is correct?
2018_q18,gemma3:4b,C,A,0,A,C,A,Why is a solid state drive (SSD) commonly used in mobile devices instead of a hard disk drive?
2018_q24,gemma3:4b,B,C,0,B,B,B,"At home, Mary logs on to a computer in her office and does some word processing. Which of the following statements about the remote logon is correct?"
2018_q26,gemma3:4b,D,D,1,D,D,D,Which of the following is not an email protocol?
2018_q27,gemma3:4b,B,B,1,B,B,B,"Amy can browse the web site of ABC School through its IP address, but not its URL. What is the possible reason for this?"
2018_q28,gemma3:4b,D,B,0,D,D,D,"When watching videos from a web site using streaming technology, which of the following will be involved? (1) DNS (2) FTP (3) IP"
2018_q33,gemma3:4b,B,B,1,B,B,B,"Suppose that X = 1, Y = 2 and Z = 3. Which of the following Boolean expressions is 'true'?"
2018_q23,gemma3:4b,D,D,1,D,D,C,"In a Point-Of-Sale system in a restaurant, which of the following is/are the reason(s) for using thermal printers to print receipts? (1) The receipt printout can be kept longer. (2) It is quiet during printing. (3) The printing time is short."
2018_q34,gemma3:4b,D,D,1,D,D,D,What are the characteristics of using modularity for designing computer solutions? (1) Usually modularity is used to solve simple problems. (2) Modules may be reusable. (3) The development cost is higher. (4) Modules can be independently developed.
2018_q35,gemma3:4b,D,C,0,D,D,D,What are the good ergonomic practices in software design? (1) Fixed font size (2) Appropriate system messages to users (3) Consistent user interface
2018_q37,gemma3:4b,D,D,1,D,D,D,Why do we need Secure Sockets Layer (SSL) on the Internet?
2019_q1,gemma3:4b,D,B,0,D,D,D,Which of the following statements about two's complement is/are correct? (1) Overflow errors will not occur in arithmetic operations. (2) The maximum value for an 8-bit number is 0111 1111. (3) The minimum value for an 8-bit number is 1111 1111.
2018_q36,gemma3:4b,A,A,1,D,A,D,Ms Lee is a photographer. Mr Cheung downloads a lot of copyright photos from her web site and uses them in his tutorial school without her approval. What legal consequences are there of doing this? (1) Mr Cheung needs to compensate Ms Lee. (2) Mr Cheung commits a criminal offence. (3) Mr Cheung needs to close down his tutorial school.
2018_q38,gemma3:4b,B,B,1,B,D,B,What is/are the major benefit(s) of using data encryption for transferring confidential information over the Internet? (1) Hackers cannot collect the encrypted data easily. (2) Hackers cannot read the confidential information easily. (3) Hackers cannot delete the confidential information easily.
2018_q39,gemma3:4b,D,B,0,B,D,B,What is/are the appropriate measure(s) to take to protect the intellectual property rights of photos posted on the Internet? (1) Digital signature (2) Digital watermark (3) Firewall
2019_q3,gemma3:4b,C,C,1,C,C,C,"In order for a factory manager to decide on the number of machines to be bought to produce pencils, he needs to consider time and cost constraints. What spreadsheet feature should he use to do this?"
2019_q5,gemma3:4b,C,C,1,C,C,C,"The file sizes of the following original files are all 10 MB. After converting them, which converted file has the smallest file size, under normal circumstances?"
2019_q2,gemma3:4b,B,B,1,D,C,D,Peter creates a school newsletter and posts it on a web page. The newsletter is in portable document format (PDF) instead of word document format because (1) hyperlinks can be included. (2) the newsletter will be displayed in the same way on any device. (3) the resolution of images in the newsletter will be higher.
2019_q9,gemma3:4b,B,B,1,B,B,B,"Radio frequency identification (RFID) readers are installed in the door of an office. Amy has an ID badge containing a RFID tag with a 2 KB storage capacity. Her personal information occupies 200 bytes. Every time she enters or leaves the office, a record of 40 bytes is created and stored on her badge. How many records can the badge store?"
2019_q8,gemma3:4b,A,A,1,C,D,B,Eva creates a report with 200 pages. Which of the following word processing operations can reduce the number of pages used? (1) Change the line spacing of the text. (2) Change the text alignment. (3) Change the margins of pages. (4) Create a table of contents with hyperlinks.
2019_q4,gemma3:4b,C,A,0,A,C,C,Mary uses a text editor to enter 5 traditional Chinese characters and saves them in a text file. The file size is 10 bytes. Which of the following statements about the text file is/are correct? (1) Each Chinese character occupies 2 bytes. (2) ASCII code is used to represent the characters. (3) The text file does not support Big-5 code.
2019_q10,gemma3:4b,A,D,0,A,B,D,A device is sending 8-bit data in a network where the last bit is a parity bit. One of the following received data has an error. Which one is it?
2019_q13,gemma3:4b,D,D,1,C,D,D,Which of the following is the least important when creating a self-running presentation?
2019_q14,gemma3:4b,C,C,1,C,C,D,"Susan plans to buy a new computer for video editing. In general, which of the following is the least important factor that she should consider?"
2019_q12,gemma3:4b,B,B,1,A,A,B,"An IP address (IPv6) consists of 8 groups of 4-digit hexadecimal numbers separated by colons, as shown in the following example: 2001:08AB:2347:AFF0:1234:CC23:98D2:1A45 How many possible addresses are there in this IP addressing?"
2019_q16,gemma3:4b,A,A,1,A,A,A,What is the possible outcome of lowering the clock rate of a CPU in a desktop computer?
2019_q15,gemma3:4b,A,A,1,A,A,B,Which of the following statements about the accumulator in a CPU is correct?
2019_q19,gemma3:4b,B,A,0,B,B,B,Arrange the following in ascending order by data transfer rate. (1) Solid State Drive (SSD) (2) Memory cache (3) RAM
2019_q20,gemma3:4b,D,B,0,D,D,D,Which of the following are the major networking functions of a typical computer operating system? (1) Allowing communication between computers (2) Controlling the network bandwidth of a connection between two computers (3) Providing some measure of network security to protect the computers from unauthorised access
2019_q22,gemma3:4b,D,B,0,D,D,D,Which of the following are the advantages of using a LAN over a WAN? (1) Higher data transfer rate (2) Larger network coverage (3) Lower setup cost
2019_q25,gemma3:4b,D,D,1,D,D,D,"In HTML, which of the following are the attributes of a table (TABLE)? (1) URLs of the contents of cells (2) Space between cells (3) Media types of the contents of cells (4) Background colour"
2019_q18,gemma3:4b,D,D,1,A,A,D,Which of the following systems depends on network connectivity?
2019_q27,gemma3:4b,C,A,0,C,C,C,Which of the following statements about streaming technology is/are correct? (1) A music performance can be viewed live. (2) HTTP cannot be used. (3) Illegal distribution of movies can be controlled.
2019_q23,gemma3:4b,A,A,1,A,A,C,The following two URLs can be used to access the same web site: http://202.8.88.24� and �http://www.hkedcity.net� Which of the following statements about the two URLs is/are correct? (1) The DNS server may translate 'www.hkedcity.ne' to '202.8.88.24'. (2) A URL must include HTTP. (3) The web pages accessed through the IP address are more secure.
2019_q24,gemma3:4b,C,C,1,D,D,C,What is/are the advantage(s) of using a network connection on a leased line instead of by broadband? (1) The connection is more reliable. (2) The cost is lower. (3) The bandwidth is guaranteed.
2019_q35,gemma3:4b,C,C,1,C,C,C,ABC Coffee Shop offers free WiFi for customers. The details are: (ABC Coffee Shop - A 30-minute session of free WiFi service - SSID: abc; Password: YWS1818abc - Unencrypted connection - 128 Kbps maximum bandwidth). Customers should not use the WiFi connection for online banking because
2019_q36,gemma3:4b,D,D,1,D,D,D,A photographer posts his photos to a social media web site for the public to look at. Which of the following can be applied to the photo to protect his intellectual property?
2019_q26,gemma3:4b,B,C,0,A,C,A,Which of the following activities transfers minimal data through the Internet?
2019_q39,gemma3:4b,B,B,1,B,B,B,Why do people develop open source software? (1) They want to earn more money from selling their software. (2) They want more people to use their software. (3) They want to own the copyright of the software.
2020_q1,gemma3:4b,D,C,0,D,D,D,"A Hong Kong identity card number is wrongly entered into a computer system, as shown below: | Original number | Wrong input | | A123456(3) | A213456(3) | Which of the following can help detect this error? (1) Range check (2) Input data twice (3) Check digit"
2019_q37,gemma3:4b,B,B,1,B,D,B,Which of the following will help overcome the digital divide in a city? (1) Implementing a Bring-Your-Own-Device (BYOD) policy in schools to replace desktop computers (2) Providing more free WiFi hotspots (3) Providing more than one free email account for each citizen
2019_q40,gemma3:4b,A,C,0,C,A,C,Which of the following actions will most likely infringe copyright in Hong Kong?
2019_q38,gemma3:4b,B,B,1,D,B,B,Ms Li finds that the file server in her company is infected by ransomware. Some important document files have been encrypted and cannot be opened. What should she do? (1) Try to put the encrypted files in another file server and open them. (2) Report the incident to the police. (3) Pay the ransom to acquire the password.
2020_q2,gemma3:4b,D,D,1,D,D,D,Which of the following decimal values is equivalent to 1010 0001 in 8-bit two's complement representation?
2020_q3,gemma3:4b,C,A,0,C,C,C,Amy uses JPG format instead of BMP format when scanning photos. What is/are the possible reason(s) for this? (1) To decrease the file size of the photos (2) To increase the number of pixels per photo (3) To increase the number of colours displayed
2020_q4,gemma3:4b,C,C,1,C,C,C,A company has 30 000 employees. Each employee has a staff number. What is the minimum number of bits required to represent the staff numbers?
2020_q5,gemma3:4b,C,D,0,C,C,C,Assume that X = 2 and Y = 3. Which of the following Boolean expressions returns TRUE?
2020_q6,gemma3:4b,D,B,0,D,D,D,"Which of the following character sets can be used to represent simplified Chinese characters, traditional Chinese characters and English characters? (1) ASCII (2) Unicode (3) GB code"
2020_q8,gemma3:4b,D,B,0,D,D,D,Mary sends an email with a document in PDF instead of DOC format. What is/are the possible reason(s) for this? (1) The document can be encrypted. (2) The page layout of the document can be preserved. (3) Multimedia elements can be included.
2020_q9,gemma3:4b,D,A,0,D,D,D,Ms Li plans to design and produce student result slips using student information and examination marks stored in a database. What should she do?
2020_q13,gemma3:4b,D,A,0,D,D,D,Which of the following processes is an example of data collection?
2020_q10,gemma3:4b,D,B,0,B,D,B,For which of the following tasks should spreadsheet 'what-if' scenarios be created? (1) Find the students who are awarded 90 marks or above in a Mathematics examination. (2) Estimate the cost of a product produced by different manufacturers. (3) Create a chart of monthly average temperatures.
2020_q7,gemma3:4b,D,A,0,C,C,D,What of the following is/are the benefit(s) of e-government? (1) Government information can be more easily accessed by the public in digital format. (2) The data security of the government information is enhanced. (3) The digital divide in society can be closed.
2020_q17,gemma3:4b,B,B,1,B,B,B,Which of the following descriptions of a driver program is correct?
2020_q16,gemma3:4b,D,C,0,D,C,D,Which of the following is not an advantage of an SSD over a hard drive?
2020_q21,gemma3:4b,B,B,1,B,B,B,Which of the following only support(s) sequential access? (1) DVD-RW (2) Magnetic tape (3) Flash memory
2020_q22,gemma3:4b,D,D,1,D,D,D,Which of the following statements about the components in a computer is not correct?
2020_q23,gemma3:4b,B,B,1,B,B,B,Which of the following is not appropriate for enhancing students' information literacy?
2020_q24,gemma3:4b,C,C,1,C,C,C,Which of the following can improve the quality of video conferencing? (1) A camera with a higher resolution (2) A larger storage capacity (3) A higher network bandwidth
2020_q25,gemma3:4b,D,D,1,D,D,D,Which of the following protocols is/are involved when browsing https://www.gov.hk? (1) FTP (2) IP (3) DNS
2020_q20,gemma3:4b,A,D,0,D,A,D,"In order to allow all desktop computers to connect to the wireless printer, which of the following actions should be taken?"
2020_q27,gemma3:4b,B,B,1,B,B,B,What is the main function of a network interface card?
2020_q28,gemma3:4b,D,D,1,D,D,D,"When Eva logs on to a web site, she will receive an SMS message on her phone with a password. What is the SMS message about?"
2020_q35,gemma3:4b,D,D,1,D,D,D,A student is addicted to online gaming and plays more than 8 hours every day. Which of the following health problems might he encounter? (1) Sleep problems (2) Vision problems (3) Emotional problems
2020_q36,gemma3:4b,D,C,0,D,D,D,"In a computer network, which of the following can protect a user's privacy from a hacker attack? (1) Create backup of data. (2) Update the operating system. (3) Install a firewall."
2020_q26,gemma3:4b,B,B,1,D,B,D,Which of the following can be used to identify a host computer on the Internet? (1) Email address (2) IP address (3) Computer name
2020_q34,gemma3:4b,C,C,1,B,C,C,"A bank updates its automatic teller machine system with new restrictions on cash withdrawals, as follows: - Available cash notes $100, $500 and $1000 - Minimum withdrawal amount = $200 - Maximum withdrawal amount = $10 000 Which of the following sets of withdrawal amounts should be used as test data for this system update?"
2020_q38,gemma3:4b,D,D,1,D,D,D,"An online shop collects its members' personal information. Which of the following actions is/are not appropriate without members' consent? (1) The shop encrypts and uploads all personal information to cloud storage. (2) The shop sends all personal information to other online shops which provide other services to members. (3) When a member unregisters his/her membership, the shop keeps the personal information permanently to help with his/her re-registration in the future."
2020_q37,gemma3:4b,B,B,1,B,D,D,What is/are the major characteristic(s) of open source software? (1) Developers can set the selling price. (2) Users can change the source code. (3) All functions of the software can be used during the trial period.
